insert into grade (id, description)
values (3, 'Excellent');

insert into grade (id, description)
values (2, 'Average');

insert into grade (id, description)
values (1, 'Fail');

insert into class_name (id, class_nr)
values (10, 'Maths');

insert into class_name (id, class_nr)
values (20, 'History');

insert into class_name (id, class_nr)
values (30, 'Science');

insert into student (id, surname, first_name, class_nr, grade_id)
values (1, 'Pop', 'Alex', 20, 3);

insert into student (id, surname, first_name, class_nr, grade_id)
values (2, 'Pop', 'Alex', 10, 2);

insert into student (id, surname, first_name, class_nr, grade_id)
values (3, 'Pop', 'Alex', 30, 3);

insert into student (id, surname, first_name, class_nr, grade_id)
values (4, 'Rus', 'Maria', 20, 2);

insert into student (id, surname, first_name, class_nr, grade_id)
values (5, 'Rus', 'Maria', 10, 3);

insert into student (id, surname, first_name, class_nr, grade_id)
values (6, 'Rus', 'Maria', 30, 1);

insert into student (id, surname, first_name, class_nr, grade_id)
values (7, 'Smith', 'Sam', 20, 3);

insert into student (id, surname, first_name, class_nr, grade_id)
values (8, 'Smith', 'Sam', 10, 3);

insert into student (id, surname, first_name, class_nr, grade_id)
values (9, 'Smith', 'Sam', 30, 2);

insert into student (id, surname, first_name, class_nr, grade_id)
values (10, 'Roman', 'George', 20, 3);

insert into student (id, surname, first_name, class_nr, grade_id)
values (11, 'Roman', 'George', 10, 1);

insert into student (id, surname, first_name, class_nr, grade_id)
values (12, 'Roman', 'George', 30, 1);

insert into student (id, surname, first_name, class_nr, grade_id)
values (13, 'Avram', 'Andreea', 20, 2);

insert into student (id, surname, first_name, class_nr, grade_id)
values (14, 'Avram', 'Andreea', 10, 2);

insert into student (id, surname, first_name, class_nr, grade_id)
values (15, 'Avram', 'Andreea', 30, 3);